id	status	category	word_en	part_of_speech	syllables	primary_stress_syllable	stress_vowel_spelling	cv_id	phonetic_spelling	question	question_en	decision_note	decided_by	decided_date	registered_date	source
CVR-0001	confirmed	発音の揺れ	across	PREP	a-cross	2	o	olive_sock	/əˈkrɑːs/	米国では /əˈkrɑːs/（olive_sock）も一般的		[R-12] 方針 /ɔ/・/ɑ/ の2通りある語は OLIVE SOCK で統一（AUBURN DOG は一部の話者）。IPA は /ɑː/ に変更（確認依頼 20260925_7andi）	コンテンツチーム	2026-10-10	2026-09-25	cv_dict_work_20260925_full
CVR-0002	confirmed	R音化母音	awareness	NOUN	a-ware-ness	2	a	red_pepper	/əˈwɛrnəs/	R音化母音 /ɛr/ の cv_id 要確認（red_pepper / gray_day）		[R-09] 方針 R音化母音 /ɛr/ は RED PEPPER で統一（確認依頼 20260925_7andi）	コンテンツチーム	2026-10-10	2026-09-25	cv_dict_work_20260925_full
CVR-0003	confirmed	R音化母音	carefully	ADV	care-ful-ly	1	a	red_pepper	/ˈkɛrfəli/	R音化母音 /ɛr/ の cv_id 要確認（red_pepper / gray_day）		[R-09] 方針 R音化母音 /ɛr/ は RED PEPPER で統一（確認依頼 20260925_7andi）	コンテンツチーム	2026-10-10	2026-09-25	cv_dict_work_20260925_full
CVR-0004	confirmed	R音化母音	clear	ADJ	clear	1	ea	green_tea	/klɪr/	R音化母音 /ɪr/ の cv_id 要確認（green_tea / silver_pin）		[R-10] 方針 R音化母音 /ɪr/ は GREEN TEA で統一（確認依頼 20260925_7andi）	コンテンツチーム	2026-10-10	2026-09-25	cv_dict_work_20260925_full
CVR-0005	confirmed	R音化母音	clearly	ADV	clear-ly	1	ea	green_tea	/ˈklɪrli/	R音化母音 /ɪr/ の cv_id 要確認（green_tea / silver_pin）		[R-10] 方針 R音化母音 /ɪr/ は GREEN TEA で統一（確認依頼 20260925_7andi）	コンテンツチーム	2026-10-10	2026-09-25	cv_dict_work_20260925_full
CVR-0006	confirmed	R音化母音	compare	VERB	com-pare	2	a	red_pepper	/kəmˈpɛr/	R音化母音 /ɛr/ の cv_id 要確認（red_pepper / gray_day）		[R-09] 方針 R音化母音 /ɛr/ は RED PEPPER で統一（確認依頼 20260925_7andi）	コンテンツチーム	2026-10-10	2026-09-25	cv_dict_work_20260925_full
CVR-0007	confirmed	発音の揺れ	cost	NOUN	cost	1	o	olive_sock	/kɑːst/	米国では /kɑːst/（olive_sock）も一般的		[R-12] 方針 /ɔ/・/ɑ/ の2通りある語は OLIVE SOCK で統一（AUBURN DOG は一部の話者）。IPA は /ɑː/ に変更（確認依頼 20260925_7andi）	コンテンツチーム	2026-10-10	2026-09-25	cv_dict_work_20260925_full
CVR-0008	confirmed	発音の揺れ	costs	NOUN	costs	1	o	olive_sock	/kɑːsts/	米国では /kɑːsts/（olive_sock）も一般的		[R-12] 方針 /ɔ/・/ɑ/ の2通りある語は OLIVE SOCK で統一（AUBURN DOG は一部の話者）。IPA は /ɑː/ に変更（確認依頼 20260925_7andi）	コンテンツチーム	2026-10-10	2026-09-25	cv_dict_work_20260925_full
CVR-0009	confirmed	発音の揺れ	data	NOUN	da-ta	1	a	gray_day	/ˈdeɪtə/	米国では /ˈdætə/（black_cat）も一般的		現状のままでよい（確認依頼 20260925_7andi）	コンテンツチーム	2026-10-10	2026-09-25	cv_dict_work_20260925_full
CVR-0010	confirmed	アクセント位置の揺れ	details	NOUN	de-tails	1	e	green_tea	/ˈdiːteɪlz/	米国では /dɪˈteɪlz/（2音節目にアクセント・gray_day）も一般的		現状のままでよい（確認依頼 20260925_7andi）	コンテンツチーム	2026-10-10	2026-09-25	cv_dict_work_20260925_full
CVR-0011	confirmed	R音化母音	during	PREP	dur-ing	1	u	purple_shirt	/ˈdɜːrɪŋ/	R音化母音 /ʊr/ の cv_id 要確認（wooden_hook / blue_moon）		[R-11] 方針 R音化母音 /ʊr/ は PURPLE SHIRT（invisible y）。IPA は /ɜːr/ に変更（確認依頼 20260925_7andi）	コンテンツチーム	2026-10-10	2026-09-25	cv_dict_work_20260925_full
CVR-0012	confirmed	アクセント位置の揺れ	employee	NOUN	em-ploy-ee	2	oy	turquoise_toy	/ɪmˈplɔɪiː/	/ɪmˈplɔɪiː/（2音節目にアクセント・turquoise_toy）も一般的		2音節目アクセント（TURQUOISE TOY）に変更（確認依頼 20260925_7andi）	コンテンツチーム	2026-10-10	2026-09-25	cv_dict_work_20260925_full
CVR-0013	confirmed	アクセント位置の揺れ	employees	NOUN	em-ploy-ees	2	oy	turquoise_toy	/ɪmˈplɔɪiːz/	/ɪmˈplɔɪiːz/（2音節目にアクセント・turquoise_toy）も一般的		2音節目アクセント（TURQUOISE TOY）に変更（確認依頼 20260925_7andi）	コンテンツチーム	2026-10-10	2026-09-25	cv_dict_work_20260925_full
CVR-0014	confirmed	R音化母音	ensure	VERB	en-sure	2	u	purple_shirt	/ɪnˈʃɜːr/	R音化母音 /ʊr/ の cv_id 要確認（/ɪnˈʃɔːr/ なら orange_door）		[R-11] 方針 R音化母音 /ʊr/ は PURPLE SHIRT（invisible y）。IPA は /ɜːr/ に変更（確認依頼 20260925_7andi）	コンテンツチーム	2026-10-10	2026-09-25	cv_dict_work_20260925_full
CVR-0015	confirmed	R音化母音	ensures	VERB	en-sures	2	u	purple_shirt	/ɪnˈʃɜːrz/	R音化母音 /ʊr/ の cv_id 要確認（/ɪnˈʃɔːrz/ なら orange_door）		[R-11] 方針 R音化母音 /ʊr/ は PURPLE SHIRT（invisible y）。IPA は /ɜːr/ に変更（確認依頼 20260925_7andi）	コンテンツチーム	2026-10-10	2026-09-25	cv_dict_work_20260925_full
CVR-0016	confirmed	R音化母音	experience	NOUN	ex-pe-ri-ence	2	e	green_tea	/ɪkˈspɪriəns/	R音化母音 /ɪr/ の cv_id 要確認（green_tea / silver_pin）		[R-10] 方針 R音化母音 /ɪr/ は GREEN TEA で統一（確認依頼 20260925_7andi）	コンテンツチーム	2026-10-10	2026-09-25	cv_dict_work_20260925_full
CVR-0017	confirmed	アクセント位置の揺れ	finance	NOUN	fi-nance	1	i	white_tie	/ˈfaɪnæns/	/fəˈnæns/（2音節目にアクセント・black_cat）も一般的		現状のままでよい（確認依頼 20260925_7andi）	コンテンツチーム	2026-10-10	2026-09-25	cv_dict_work_20260925_full
CVR-0018	confirmed	発音の揺れ	foster	VERB	fos-ter	1	o	olive_sock	/ˈfɑːstər/	米国では /ˈfɔːstər/（auburn_dog）も一般的		[R-12] 方針 /ɔ/・/ɑ/ の2通りある語は OLIVE SOCK で統一（AUBURN DOG は一部の話者）。IPA は /ɑː/ に変更（確認依頼 20260925_7andi）	コンテンツチーム	2026-10-10	2026-09-25	cv_dict_work_20260925_full
CVR-0019	confirmed	アクセント位置の揺れ	inquiries	NOUN	in-quir-ies	1	i	silver_pin	/ˈɪŋkwəriz/	/ˈɪŋkwəriz/（1音節目にアクセント・silver_pin）も一般的		1音節目アクセント（SILVER PIN）に変更（確認依頼 20260925_7andi）	コンテンツチーム	2026-10-10	2026-09-25	cv_dict_work_20260925_full
CVR-0020	confirmed	発音の揺れ	launch	VERB	launch	1	au	olive_sock	/lɑːntʃ/	米国では /lɑːntʃ/（olive_sock）も一般的		[R-12] 方針 /ɔ/・/ɑ/ の2通りある語は OLIVE SOCK で統一（AUBURN DOG は一部の話者）。IPA は /ɑː/ に変更（確認依頼 20260925_7andi）	コンテンツチーム	2026-10-10	2026-09-25	cv_dict_work_20260925_full
CVR-0021	confirmed	発音の揺れ	launched	VERB	launched	1	au	olive_sock	/lɑːntʃt/	米国では /lɑːntʃt/（olive_sock）も一般的		[R-12] 方針 /ɔ/・/ɑ/ の2通りある語は OLIVE SOCK で統一（AUBURN DOG は一部の話者）。IPA は /ɑː/ に変更（確認依頼 20260925_7andi）	コンテンツチーム	2026-10-10	2026-09-25	cv_dict_work_20260925_full
CVR-0022	confirmed	発音の揺れ	loss	NOUN	loss	1	o	olive_sock	/lɑːs/	米国では /lɑːs/（olive_sock）も一般的		[R-12] 方針 /ɔ/・/ɑ/ の2通りある語は OLIVE SOCK で統一（AUBURN DOG は一部の話者）。IPA は /ɑː/ に変更（確認依頼 20260925_7andi）	コンテンツチーム	2026-10-10	2026-09-25	cv_dict_work_20260925_full
CVR-0023	confirmed	発音の揺れ	losses	NOUN	loss-es	1	o	olive_sock	/ˈlɑːsɪz/	米国では /ˈlɑːsɪz/（olive_sock）も一般的		[R-12] 方針 /ɔ/・/ɑ/ の2通りある語は OLIVE SOCK で統一（AUBURN DOG は一部の話者）。IPA は /ɑː/ に変更（確認依頼 20260925_7andi）	コンテンツチーム	2026-10-10	2026-09-25	cv_dict_work_20260925_full
CVR-0024	confirmed	R音化母音	material	NOUN	ma-te-ri-al	2	e	green_tea	/məˈtɪriəl/	R音化母音 /ɪr/ の cv_id 要確認（green_tea / silver_pin）		[R-10] 方針 R音化母音 /ɪr/ は GREEN TEA で統一（確認依頼 20260925_7andi）	コンテンツチーム	2026-10-10	2026-09-25	cv_dict_work_20260925_full
CVR-0025	confirmed	R音化母音	materials	NOUN	ma-te-ri-als	2	e	green_tea	/məˈtɪriəlz/	R音化母音 /ɪr/ の cv_id 要確認（green_tea / silver_pin）		[R-10] 方針 R音化母音 /ɪr/ は GREEN TEA で統一（確認依頼 20260925_7andi）	コンテンツチーム	2026-10-10	2026-09-25	cv_dict_work_20260925_full
CVR-0026	confirmed	発音の揺れ	offer	VERB	of-fer	1	o	olive_sock	/ˈɑːfər/	米国では /ˈɑːfər/（olive_sock）も一般的		[R-12] 方針 /ɔ/・/ɑ/ の2通りある語は OLIVE SOCK で統一（AUBURN DOG は一部の話者）。IPA は /ɑː/ に変更（確認依頼 20260925_7andi）	コンテンツチーム	2026-10-10	2026-09-25	cv_dict_work_20260925_full
CVR-0027	confirmed	発音の揺れ	offer	NOUN	of-fer	1	o	olive_sock	/ˈɑːfər/	米国では /ˈɑːfər/（olive_sock）も一般的		[R-12] 方針 /ɔ/・/ɑ/ の2通りある語は OLIVE SOCK で統一（AUBURN DOG は一部の話者）。IPA は /ɑː/ に変更（確認依頼 20260925_7andi）	コンテンツチーム	2026-10-10	2026-09-25	cv_dict_work_20260925_full
CVR-0028	confirmed	発音の揺れ	offers	VERB	of-fers	1	o	olive_sock	/ˈɑːfərz/	米国では /ˈɑːfərz/（olive_sock）も一般的		[R-12] 方針 /ɔ/・/ɑ/ の2通りある語は OLIVE SOCK で統一（AUBURN DOG は一部の話者）。IPA は /ɑː/ に変更（確認依頼 20260925_7andi）	コンテンツチーム	2026-10-10	2026-09-25	cv_dict_work_20260925_full
CVR-0029	confirmed	発音の揺れ	office	NOUN	of-fice	1	o	olive_sock	/ˈɑːfɪs/	米国では /ˈɑːfɪs/（olive_sock）も一般的		[R-12] 方針 /ɔ/・/ɑ/ の2通りある語は OLIVE SOCK で統一（AUBURN DOG は一部の話者）。IPA は /ɑː/ に変更（確認依頼 20260925_7andi）	コンテンツチーム	2026-10-10	2026-09-25	cv_dict_work_20260925_full
CVR-0030	confirmed	発音の揺れ	officer	NOUN	of-fi-cer	1	o	olive_sock	/ˈɑːfɪsər/	米国では /ˈɑːfɪsər/（olive_sock）も一般的		[R-12] 方針 /ɔ/・/ɑ/ の2通りある語は OLIVE SOCK で統一（AUBURN DOG は一部の話者）。IPA は /ɑː/ に変更（確認依頼 20260925_7andi）	コンテンツチーム	2026-10-10	2026-09-25	cv_dict_work_20260925_full
CVR-0031	confirmed	発音の揺れ	often	ADV	of-ten	1	o	olive_sock	/ˈɑːfən/	米国では /ˈɑːfən/（olive_sock）も一般的		[R-12] 方針 /ɔ/・/ɑ/ の2通りある語は OLIVE SOCK で統一（AUBURN DOG は一部の話者）。IPA は /ɑː/ に変更（確認依頼 20260925_7andi）	コンテンツチーム	2026-10-10	2026-09-25	cv_dict_work_20260925_full
CVR-0032	confirmed	その他	read	VERB	read	1	ea	green_tea	/riːd/	過去形・過去分詞は /rɛd/（red_pepper）。例文には過去形の用法もある		[R-01] 回答「例文の時制による」。辞書は英単語＋品詞で1行のため現在形（GREEN TEA）のまま（CVJ-20260925-04）（確認依頼 20260925_7andi）	コンテンツチーム	2026-10-10	2026-09-25	cv_dict_work_20260925_full
CVR-0033	confirmed	R音化母音	repair	VERB	re-pair	2	ai	red_pepper	/rɪˈpɛr/	R音化母音 /ɛr/ の cv_id 要確認（red_pepper / gray_day）		[R-09] 方針 R音化母音 /ɛr/ は RED PEPPER で統一（確認依頼 20260925_7andi）	コンテンツチーム	2026-10-10	2026-09-25	cv_dict_work_20260925_full
CVR-0034	confirmed	発音の揺れ	routes	NOUN	routes	1	ou	blue_moon	/ruːts/	米国では /raʊts/（brown_cow）も一般的		現状のままでよい（確認依頼 20260925_7andi）	コンテンツチーム	2026-10-10	2026-09-25	cv_dict_work_20260925_full
CVR-0035	confirmed	R音化母音	secure	VERB	se-cure	2	u	purple_shirt	/sɪˈkjɜːr/	R音化母音 /ʊr/ の cv_id 要確認（wooden_hook / blue_moon）		[R-11] 方針 R音化母音 /ʊr/ は PURPLE SHIRT（invisible y）。IPA は /ɜːr/ に変更（確認依頼 20260925_7andi）	コンテンツチーム	2026-10-10	2026-09-25	cv_dict_work_20260925_full
CVR-0036	confirmed	R音化母音	securing	VERB	se-cur-ing	2	u	purple_shirt	/sɪˈkjɜːrɪŋ/	R音化母音 /ʊr/ の cv_id 要確認（wooden_hook / blue_moon）		[R-11] 方針 R音化母音 /ʊr/ は PURPLE SHIRT（invisible y）。IPA は /ɜːr/ に変更（確認依頼 20260925_7andi）	コンテンツチーム	2026-10-10	2026-09-25	cv_dict_work_20260925_full
CVR-0037	confirmed	R音化母音	share	NOUN	share	1	a	red_pepper	/ʃɛr/	R音化母音 /ɛr/ の cv_id 要確認（red_pepper / gray_day）		[R-09] 方針 R音化母音 /ɛr/ は RED PEPPER で統一（確認依頼 20260925_7andi）	コンテンツチーム	2026-10-10	2026-09-25	cv_dict_work_20260925_full
CVR-0038	confirmed	R音化母音	shareholder	NOUN	share-hold-er	1	a	red_pepper	/ˈʃɛrhoʊldər/	R音化母音 /ɛr/ の cv_id 要確認（red_pepper / gray_day）		[R-09] 方針 R音化母音 /ɛr/ は RED PEPPER で統一（確認依頼 20260925_7andi）	コンテンツチーム	2026-10-10	2026-09-25	cv_dict_work_20260925_full
CVR-0039	confirmed	発音の揺れ	software	NOUN	soft-ware	1	o	olive_sock	/ˈsɑːftwɛr/	米国では /ˈsɑːftwɛr/（olive_sock）も一般的		[R-12] 方針 /ɔ/・/ɑ/ の2通りある語は OLIVE SOCK で統一（AUBURN DOG は一部の話者）。IPA は /ɑː/ に変更（確認依頼 20260925_7andi）	コンテンツチーム	2026-10-10	2026-09-25	cv_dict_work_20260925_full
CVR-0040	confirmed	R音化母音	steering	NOUN	steer-ing	1	ee	green_tea	/ˈstɪrɪŋ/	R音化母音 /ɪr/ の cv_id 要確認（green_tea / silver_pin）		[R-10] 方針 R音化母音 /ɪr/ は GREEN TEA で統一（確認依頼 20260925_7andi）	コンテンツチーム	2026-10-10	2026-09-25	cv_dict_work_20260925_full
CVR-0041	confirmed	発音の揺れ	strong	ADJ	strong	1	o	olive_sock	/strɑːŋ/	米国では /strɑːŋ/（olive_sock）も一般的		[R-12] 方針 /ɔ/・/ɑ/ の2通りある語は OLIVE SOCK で統一（AUBURN DOG は一部の話者）。IPA は /ɑː/ に変更（確認依頼 20260925_7andi）	コンテンツチーム	2026-10-10	2026-09-25	cv_dict_work_20260925_full
CVR-0042	confirmed	R音化母音	their	PRON	their	1	ei	red_pepper	/ðɛr/	R音化母音 /ɛr/ の cv_id 要確認（red_pepper / gray_day）		[R-09] 方針 R音化母音 /ɛr/ は RED PEPPER で統一（確認依頼 20260925_7andi）	コンテンツチーム	2026-10-10	2026-09-25	cv_dict_work_20260925_full
CVR-0043	confirmed	R音化母音	there	ADV	there	1	e	red_pepper	/ðɛr/	R音化母音 /ɛr/ の cv_id 要確認（red_pepper / gray_day）		[R-09] 方針 R音化母音 /ɛr/ は RED PEPPER で統一（確認依頼 20260925_7andi）	コンテンツチーム	2026-10-10	2026-09-25	cv_dict_work_20260925_full
CVR-0044	confirmed	アクセント位置の揺れ	upload	VERB	up-load	1	u	cup_of_mustard	/ˈʌploʊd/	/ʌpˈloʊd/（2音節目にアクセント・rose_boat）も一般的		現状のままでよい（確認依頼 20260925_7andi）	コンテンツチーム	2026-10-10	2026-09-25	cv_dict_work_20260925_full
CVR-0045	confirmed	発音の揺れ	want	VERB	want	1	a	olive_sock	/wɑːnt/	/wʌnt/（cup_of_mustard）も一般的		現状のままでよい（確認依頼 20260925_7andi）	コンテンツチーム	2026-10-10	2026-09-25	cv_dict_work_20260925_full
CVR-0046	confirmed	R音化母音	where	ADV	where	1	e	red_pepper	/wɛr/	R音化母音 /ɛr/ の cv_id 要確認（red_pepper / gray_day）		[R-09] 方針 R音化母音 /ɛr/ は RED PEPPER で統一（確認依頼 20260925_7andi）	コンテンツチーム	2026-10-10	2026-09-25	cv_dict_work_20260925_full
CVR-0047	confirmed	R音化母音	year	NOUN	year	1	ea	green_tea	/jɪr/	R音化母音 /ɪr/ の cv_id 要確認（green_tea / silver_pin）		[R-10] 方針 R音化母音 /ɪr/ は GREEN TEA で統一（確認依頼 20260925_7andi）	コンテンツチーム	2026-10-10	2026-09-25	cv_dict_work_20260925_full
CVR-0048	confirmed	R音化母音	year's	NOUN	year's	1	ea	green_tea	/jɪrz/	R音化母音 /ɪr/ の cv_id 要確認（green_tea / silver_pin）		[R-10] 方針 R音化母音 /ɪr/ は GREEN TEA で統一（確認依頼 20260925_7andi）	コンテンツチーム	2026-10-10	2026-09-25	cv_dict_work_20260925_full
CVR-0049	confirmed	発音の揺れ	because	CONJ	be-cause	2	au	cup_of_mustard	/bɪˈkʌz/	米国では /bɪˈkʌz/（cup_of_mustard）も一般的		MUSTARD に変更（確認依頼 20261007）	コンテンツチーム	2026-10-10	2026-10-07	cv_dict_work_20261007
CVR-0050	confirmed	その他	carried	VERB	car-ried	1	a	red_pepper	/ˈkɛrid/	米国では /ˈkɛrid/（red_pepper）とも発音される		carry の仲間は RED PEPPER に揃える（1回目③で carrying を RED PEPPER と指摘、2回目は「carrying に揃える」）（確認依頼 20261007）	コンテンツチーム	2026-10-10	2026-10-07	cv_dict_work_20261007
CVR-0051	confirmed	その他	carries	VERB	car-ries	1	a	red_pepper	/ˈkɛriz/	米国では /ˈkɛriz/（red_pepper）とも発音される		carry の仲間は RED PEPPER に揃える（1回目③で carrying を RED PEPPER と指摘、2回目は「carrying に揃える」）（確認依頼 20261007）	コンテンツチーム	2026-10-10	2026-10-07	cv_dict_work_20261007
CVR-0052	confirmed	その他	carry	VERB	car-ry	1	a	red_pepper	/ˈkɛri/	米国では /ˈkɛri/（red_pepper）とも発音される		carry の仲間は RED PEPPER に揃える（1回目③で carrying を RED PEPPER と指摘、2回目は「carrying に揃える」）（確認依頼 20261007）	コンテンツチーム	2026-10-10	2026-10-07	cv_dict_work_20261007
CVR-0053	confirmed	その他	directed	VERB	di-rect-ed	2	e	red_pepper	/dəˈrɛktɪd/	/daɪˈrɛktɪd/（1音節目は white_tie の音）とも発音される		現状のままでよい（確認依頼 20261007）	コンテンツチーム	2026-10-10	2026-10-07	cv_dict_work_20261007
CVR-0054	confirmed	その他	direction	NOUN	di-rec-tion	2	e	red_pepper	/dəˈrɛkʃən/	/daɪˈrɛkʃən/（1音節目は white_tie の音）とも発音される		現状のままでよい（確認依頼 20261007）	コンテンツチーム	2026-10-10	2026-10-07	cv_dict_work_20261007
CVR-0055	confirmed	その他	diversity	NOUN	di-ver-si-ty	2	e	purple_shirt	/dəˈvɜːrsəti/	/daɪˈvɜːrsəti/（1音節目は white_tie の音）とも発音される		現状のままでよい（確認依頼 20261007）	コンテンツチーム	2026-10-10	2026-10-07	cv_dict_work_20261007
CVR-0056	confirmed	発音の揺れ	draw	VERB	draw	1	aw	olive_sock	/drɑː/	米国では /drɑː/（olive_sock）も一般的		[R-12] 方針 /ɔ/・/ɑ/ の2通りある語は OLIVE SOCK で統一（AUBURN DOG は一部の話者）。IPA は /ɑː/ に変更（確認依頼 20261007）	コンテンツチーム	2026-10-10	2026-10-07	cv_dict_work_20261007
CVR-0057	confirmed	発音の揺れ	draws	VERB	draws	1	aw	olive_sock	/drɑːz/	米国では /drɑːz/（olive_sock）も一般的		[R-12] 方針 /ɔ/・/ɑ/ の2通りある語は OLIVE SOCK で統一（AUBURN DOG は一部の話者）。IPA は /ɑː/ に変更（確認依頼 20261007）	コンテンツチーム	2026-10-10	2026-10-07	cv_dict_work_20261007
CVR-0058	confirmed	発音の揺れ	fluoride	NOUN	fluor-ide	1	uo	orange_door	/ˈflɔːraɪd/	米国では /ˈflɔːraɪd/（orange_door）も一般的。辞書の音節区切りは flu-o-ride		ORANGE DOOR に変更（確認依頼 20261007）	コンテンツチーム	2026-10-10	2026-10-07	cv_dict_work_20261007
CVR-0059	confirmed	アクセント位置の揺れ	headquarters	NOUN	head-quar-ters	1	ea	red_pepper	/ˈhɛdkwɔːrtərz/	/hɛdˈkwɔːrtərz/（2音節目にアクセント・orange_door）も一般的		現状のままでよい（確認依頼 20261007）	コンテンツチーム	2026-10-10	2026-10-07	cv_dict_work_20261007
CVR-0060	confirmed	その他	indirect	ADJ	in-di-rect	3	e	red_pepper	/ˌɪndəˈrɛkt/	/ˌɪndaɪˈrɛkt/ とも発音される（アクセント母音は同じ）		現状のままでよい（確認依頼 20261007）	コンテンツチーム	2026-10-10	2026-10-07	cv_dict_work_20261007
CVR-0061	confirmed	アクセント位置の揺れ	Mid-term	ADJ	Mid-term	1	i	silver_pin	/ˈmɪdtɜːrm/	/ˌmɪdˈtɜːrm/（2音節目にアクセント・purple_shirt）も一般的		現状のままでよい（確認依頼 20261007）	コンテンツチーム	2026-10-10	2026-10-07	cv_dict_work_20261007
CVR-0062	confirmed	発音の揺れ	toward	PREP	to-ward	2	a	orange_door	/təˈwɔːrd/	/tɔːrd/（1音節）も一般的		現状のままでよい（確認依頼 20261007）	コンテンツチーム	2026-10-10	2026-10-07	cv_dict_work_20261007
CVR-0065	confirmed	コンテンツチーム指摘	cure	VERB	cure	1	u	purple_shirt	/kjɜːr/	確認依頼Excelの回答で変更（③登録データ一覧の指摘・方針の適用）		[R-11] 方針 R音化母音 /ʊr/ は PURPLE SHIRT（invisible y）。IPA は /ɜːr/ に変更（③の指摘）（確認依頼 20261007）	コンテンツチーム	2026-10-10	2026-10-10	cv_dictionary_20261007.tsv
CVR-0066	confirmed	コンテンツチーム指摘	cured	VERB	cured	1	u	purple_shirt	/kjɜːrd/	確認依頼Excelの回答で変更（③登録データ一覧の指摘・方針の適用）		[R-11] 方針 R音化母音 /ʊr/ は PURPLE SHIRT（invisible y）。IPA は /ɜːr/ に変更（③の指摘）（確認依頼 20261007）	コンテンツチーム	2026-10-10	2026-10-10	cv_dictionary_20261007.tsv
CVR-0067	confirmed	コンテンツチーム指摘	cures	VERB	cures	1	u	purple_shirt	/kjɜːrz/	確認依頼Excelの回答で変更（③登録データ一覧の指摘・方針の適用）		[R-11] 方針 R音化母音 /ʊr/ は PURPLE SHIRT（invisible y）。IPA は /ɜːr/ に変更（③の指摘）（確認依頼 20261007）	コンテンツチーム	2026-10-10	2026-10-10	cv_dictionary_20261007.tsv
CVR-0068	confirmed	コンテンツチーム指摘	curing	NOUN	cur-ing	1	u	purple_shirt	/ˈkjɜːrɪŋ/	確認依頼Excelの回答で変更（③登録データ一覧の指摘・方針の適用）		[R-11] 方針 R音化母音 /ʊr/ は PURPLE SHIRT（invisible y）。IPA は /ɜːr/ に変更（③の指摘）（確認依頼 20261007）	コンテンツチーム	2026-10-10	2026-10-10	cv_dictionary_20261007.tsv
CVR-0069	confirmed	コンテンツチーム指摘	all	ADJ	all	1	a	olive_sock	/ɑːl/	確認依頼Excelの回答で変更（③登録データ一覧の指摘・方針の適用）		[R-12] 方針 /ɔ/・/ɑ/ の2通りある語は OLIVE SOCK で統一（AUBURN DOG は一部の話者）。IPA は /ɑː/ に変更（③の指摘）（確認依頼 20260925_7andi）	コンテンツチーム	2026-10-10	2026-10-10	cv_dictionary_20260925_7andi_Lv1.tsv
CVR-0070	confirmed	コンテンツチーム指摘	audit	NOUN	au-dit	1	au	olive_sock	/ˈɑːdɪt/	確認依頼Excelの回答で変更（③登録データ一覧の指摘・方針の適用）		[R-12] 方針 /ɔ/・/ɑ/ の2通りある語は OLIVE SOCK で統一（AUBURN DOG は一部の話者）。IPA は /ɑː/ に変更（③の指摘）（確認依頼 20260925_7andi）	コンテンツチーム	2026-10-10	2026-10-10	cv_dictionary_20260925_7andi_Lv1.tsv
CVR-0071	confirmed	コンテンツチーム指摘	audits	NOUN	au-dits	1	au	olive_sock	/ˈɑːdɪts/	確認依頼Excelの回答で変更（③登録データ一覧の指摘・方針の適用）		[R-12] 方針 /ɔ/・/ɑ/ の2通りある語は OLIVE SOCK で統一（AUBURN DOG は一部の話者）。IPA は /ɑː/ に変更（③の指摘）（確認依頼 20260925_7andi）	コンテンツチーム	2026-10-10	2026-10-10	cv_dictionary_20260925_7andi_Lv1.tsv
CVR-0072	confirmed	コンテンツチーム指摘	automated	ADJ	au-to-mat-ed	1	au	olive_sock	/ˈɑːtəmeɪtɪd/	確認依頼Excelの回答で変更（③登録データ一覧の指摘・方針の適用）		[R-12] 方針 /ɔ/・/ɑ/ の2通りある語は OLIVE SOCK で統一（AUBURN DOG は一部の話者）。IPA は /ɑː/ に変更（③の指摘）（確認依頼 20260925_7andi）	コンテンツチーム	2026-10-10	2026-10-10	cv_dictionary_20260925_7andi_Lv1.tsv
CVR-0073	confirmed	コンテンツチーム指摘	caution	NOUN	cau-tion	1	au	olive_sock	/ˈkɑːʃən/	確認依頼Excelの回答で変更（③登録データ一覧の指摘・方針の適用）		[R-12] 方針 /ɔ/・/ɑ/ の2通りある語は OLIVE SOCK で統一（AUBURN DOG は一部の話者）。IPA は /ɑː/ に変更（③の指摘）（確認依頼 20260925_7andi）	コンテンツチーム	2026-10-10	2026-10-10	cv_dictionary_20260925_7andi_Lv1.tsv
CVR-0074	confirmed	コンテンツチーム指摘	raw	ADJ	raw	1	aw	olive_sock	/rɑː/	確認依頼Excelの回答で変更（③登録データ一覧の指摘・方針の適用）		[R-12] 方針 /ɔ/・/ɑ/ の2通りある語は OLIVE SOCK で統一（AUBURN DOG は一部の話者）。IPA は /ɑː/ に変更（③の指摘）（確認依頼 20260925_7andi）	コンテンツチーム	2026-10-10	2026-10-10	cv_dictionary_20260925_7andi_Lv1.tsv
CVR-0063	confirmed	その他	X-ray	NOUN	X-ray	1	X	red_pepper	/ˈɛksreɪ/	抽出で固有名詞として除外されたが一般語のため追加		現状のままでよい（確認依頼 20261007）	コンテンツチーム	2026-10-10	2026-10-07	cv_dict_work_20261007
CVR-0064	confirmed	その他	X-rays	NOUN	X-rays	1	X	red_pepper	/ˈɛksreɪz/	抽出で固有名詞として除外されたが一般語のため追加		現状のままでよい（確認依頼 20261007）	コンテンツチーム	2026-10-10	2026-10-07	cv_dict_work_20261007
CVR-0075	confirmed	コンテンツチーム指摘	carrying	VERB	car-ry-ing	1	a	red_pepper	/ˈkɛriɪŋ/	確認依頼Excelの回答で変更（③登録データ一覧の指摘・方針の適用）		carry の仲間は RED PEPPER に揃える（1回目③で carrying を RED PEPPER と指摘、2回目は「carrying に揃える」）（確認依頼 20260925_7andi）	コンテンツチーム	2026-10-10	2026-10-10	cv_dictionary_20260925_7andi_Lv1.tsv
CVR-0076	confirmed	コンテンツチーム指摘	impact	VERB	im-pact	1	i	silver_pin	/ˈɪmpækt/	確認依頼Excelの回答で変更（③登録データ一覧の指摘・方針の適用）		③の指摘: 1音節目アクセント（SILVER PIN）（確認依頼 20260925_7andi）	コンテンツチーム	2026-10-10	2026-10-10	cv_dictionary_20260925_7andi_Lv1.tsv
CVR-0077	confirmed	コンテンツチーム指摘	impacts	VERB	im-pacts	1	i	silver_pin	/ˈɪmpækts/	確認依頼Excelの回答で変更（③登録データ一覧の指摘・方針の適用）		③の指摘: 1音節目アクセント（SILVER PIN）（確認依頼 20260925_7andi）	コンテンツチーム	2026-10-10	2026-10-10	cv_dictionary_20260925_7andi_Lv1.tsv
CVR-0078	confirmed	コンテンツチーム指摘	in-store	ADJ	in-store	1	i	silver_pin	/ˈɪnˌstɔːr/	確認依頼Excelの回答で変更（③登録データ一覧の指摘・方針の適用）		③の指摘: 1音節目アクセント（SILVER PIN）（確認依頼 20260925_7andi）	コンテンツチーム	2026-10-10	2026-10-10	cv_dictionary_20260925_7andi_Lv1.tsv
CVR-0079	confirmed	コンテンツチーム指摘	online	ADV	on-line	2	i	white_tie	/ˌɑːnˈlaɪn/	確認依頼Excelの回答で変更（③登録データ一覧の指摘・方針の適用）		③の指摘: 2音節目アクセント（WHITE TIE）（確認依頼 20260925_7andi）	コンテンツチーム	2026-10-10	2026-10-10	cv_dictionary_20260925_7andi_Lv1.tsv
CVR-0080	confirmed	コンテンツチーム指摘	our	PRON	our	1	ou	olive_sock	/ɑːr/	確認依頼Excelの回答で変更（③登録データ一覧の指摘・方針の適用）		③の指摘: OLIVE SOCK（/ɑːr/）（確認依頼 20260925_7andi）	コンテンツチーム	2026-10-10	2026-10-10	cv_dictionary_20260925_7andi_Lv1.tsv
CVR-0081	confirmed	コンテンツチーム指摘	private-brand	ADJ	pri-vate-brand	3	a	black_cat	/ˌpraɪvətˈbrænd/	確認依頼Excelの回答で変更（③登録データ一覧の指摘・方針の適用）		③の指摘: 主アクセントは brand（BLACK CAT）。ハイフン無しの表記の指摘は教材側で別途確認（確認依頼 20260925_7andi）	コンテンツチーム	2026-10-10	2026-10-10	cv_dictionary_20260925_7andi_Lv1.tsv
CVR-0082	confirmed	コンテンツチーム指摘	translate	VERB	trans-late	1	a	black_cat	/ˈtrænsleɪt/	確認依頼Excelの回答で変更（③登録データ一覧の指摘・方針の適用）		③の指摘: 1音節目アクセント（BLACK CAT）（確認依頼 20260925_7andi）	コンテンツチーム	2026-10-10	2026-10-10	cv_dictionary_20260925_7andi_Lv1.tsv
CVR-0083	confirmed	コンテンツチーム指摘	update	VERB	up-date	1	u	cup_of_mustard	/ˈʌpdeɪt/	確認依頼Excelの回答で変更（③登録データ一覧の指摘・方針の適用）		③の指摘: 1音節目アクセント（MUSTARD）（確認依頼 20260925_7andi）	コンテンツチーム	2026-10-10	2026-10-10	cv_dictionary_20260925_7andi_Lv1.tsv
CVR-0084	confirmed	コンテンツチーム指摘	updated	VERB	up-dat-ed	1	u	cup_of_mustard	/ˈʌpdeɪtɪd/	確認依頼Excelの回答で変更（③登録データ一覧の指摘・方針の適用）		③の指摘: 1音節目アクセント（MUSTARD）（確認依頼 20260925_7andi）	コンテンツチーム	2026-10-10	2026-10-10	cv_dictionary_20260925_7andi_Lv1.tsv
CVR-0085	confirmed	コンテンツチーム指摘	updates	VERB	up-dates	1	u	cup_of_mustard	/ˈʌpdeɪts/	確認依頼Excelの回答で変更（③登録データ一覧の指摘・方針の適用）		③の指摘: 1音節目アクセント（MUSTARD）（確認依頼 20260925_7andi）	コンテンツチーム	2026-10-10	2026-10-10	cv_dictionary_20260925_7andi_Lv1.tsv
CVR-0086	confirmed	コンテンツチーム指摘	updating	VERB	up-dat-ing	1	u	cup_of_mustard	/ˈʌpdeɪtɪŋ/	確認依頼Excelの回答で変更（③登録データ一覧の指摘・方針の適用）		③の指摘: 1音節目アクセント（MUSTARD）（確認依頼 20260925_7andi）	コンテンツチーム	2026-10-10	2026-10-10	cv_dictionary_20260925_7andi_Lv1.tsv
CVR-0087	confirmed	コンテンツチーム指摘	a	ART	a	1	a	cup_of_mustard	/ə/	確認依頼Excelの回答で変更（③登録データ一覧の指摘・方針の適用）		[R-13] 方針 機能語は弱く読む形（一般的な弱形がある語のみ）（確認依頼 20260925_7andi）	コンテンツチーム	2026-10-10	2026-10-10	cv_dictionary_20260925_7andi_Lv1.tsv
CVR-0088	confirmed	コンテンツチーム指摘	an	ART	an	1	a	cup_of_mustard	/ən/	確認依頼Excelの回答で変更（③登録データ一覧の指摘・方針の適用）		[R-13] 方針 機能語は弱く読む形（一般的な弱形がある語のみ）（確認依頼 20260925_7andi）	コンテンツチーム	2026-10-10	2026-10-10	cv_dictionary_20260925_7andi_Lv1.tsv
CVR-0089	confirmed	コンテンツチーム指摘	the	ART	the	1	e	cup_of_mustard	/ðə/	確認依頼Excelの回答で変更（③登録データ一覧の指摘・方針の適用）		[R-13] 方針 機能語は弱く読む形（一般的な弱形がある語のみ）（確認依頼 20260925_7andi）	コンテンツチーム	2026-10-10	2026-10-10	cv_dictionary_20260925_7andi_Lv1.tsv
CVR-0090	confirmed	コンテンツチーム指摘	and	CONJ	and	1	a	cup_of_mustard	/ənd/	確認依頼Excelの回答で変更（③登録データ一覧の指摘・方針の適用）		[R-13] 方針 機能語は弱く読む形（一般的な弱形がある語のみ）（確認依頼 20260925_7andi）	コンテンツチーム	2026-10-10	2026-10-10	cv_dictionary_20260925_7andi_Lv1.tsv
CVR-0091	confirmed	コンテンツチーム指摘	or	CONJ	or	1	o	purple_shirt	/ər/	確認依頼Excelの回答で変更（③登録データ一覧の指摘・方針の適用）		[R-13] 方針 機能語は弱く読む形（一般的な弱形がある語のみ）（確認依頼 20260925_7andi）	コンテンツチーム	2026-10-10	2026-10-10	cv_dictionary_20260925_7andi_Lv1.tsv
CVR-0092	confirmed	コンテンツチーム指摘	at	PREP	at	1	a	cup_of_mustard	/ət/	確認依頼Excelの回答で変更（③登録データ一覧の指摘・方針の適用）		[R-13] 方針 機能語は弱く読む形（一般的な弱形がある語のみ）（確認依頼 20260925_7andi）	コンテンツチーム	2026-10-10	2026-10-10	cv_dictionary_20260925_7andi_Lv1.tsv
CVR-0093	confirmed	コンテンツチーム指摘	for	PREP	for	1	o	purple_shirt	/fər/	確認依頼Excelの回答で変更（③登録データ一覧の指摘・方針の適用）		[R-13] 方針 機能語は弱く読む形（一般的な弱形がある語のみ）（確認依頼 20260925_7andi）	コンテンツチーム	2026-10-10	2026-10-10	cv_dictionary_20260925_7andi_Lv1.tsv
CVR-0094	confirmed	コンテンツチーム指摘	from	PREP	from	1	o	cup_of_mustard	/frəm/	確認依頼Excelの回答で変更（③登録データ一覧の指摘・方針の適用）		[R-13] 方針 機能語は弱く読む形（一般的な弱形がある語のみ）（確認依頼 20260925_7andi）	コンテンツチーム	2026-10-10	2026-10-10	cv_dictionary_20260925_7andi_Lv1.tsv
CVR-0095	confirmed	コンテンツチーム指摘	of	PREP	of	1	o	cup_of_mustard	/əv/	確認依頼Excelの回答で変更（③登録データ一覧の指摘・方針の適用）		[R-13] 方針 機能語は弱く読む形（一般的な弱形がある語のみ）（確認依頼 20260925_7andi）	コンテンツチーム	2026-10-10	2026-10-10	cv_dictionary_20260925_7andi_Lv1.tsv
CVR-0096	confirmed	コンテンツチーム指摘	to	PREP	to	1	o	cup_of_mustard	/tə/	確認依頼Excelの回答で変更（③登録データ一覧の指摘・方針の適用）		[R-13] 方針 機能語は弱く読む形（一般的な弱形がある語のみ）（確認依頼 20260925_7andi）	コンテンツチーム	2026-10-10	2026-10-10	cv_dictionary_20260925_7andi_Lv1.tsv
CVR-0097	confirmed	コンテンツチーム指摘	them	PRON	them	1	e	cup_of_mustard	/ðəm/	確認依頼Excelの回答で変更（③登録データ一覧の指摘・方針の適用）		[R-13] 方針 機能語は弱く読む形（一般的な弱形がある語のみ）（確認依頼 20260925_7andi）	コンテンツチーム	2026-10-10	2026-10-10	cv_dictionary_20260925_7andi_Lv1.tsv
CVR-0098	confirmed	コンテンツチーム指摘	you	PRON	you	1	ou	cup_of_mustard	/jə/	確認依頼Excelの回答で変更（③登録データ一覧の指摘・方針の適用）		[R-13] 方針 機能語は弱く読む形（一般的な弱形がある語のみ）（確認依頼 20260925_7andi）	コンテンツチーム	2026-10-10	2026-10-10	cv_dictionary_20260925_7andi_Lv1.tsv
CVR-0099	confirmed	コンテンツチーム指摘	your	PRON	your	1	ou	purple_shirt	/jər/	確認依頼Excelの回答で変更（③登録データ一覧の指摘・方針の適用）		[R-13] 方針 機能語は弱く読む形（一般的な弱形がある語のみ）（確認依頼 20260925_7andi）	コンテンツチーム	2026-10-10	2026-10-10	cv_dictionary_20260925_7andi_Lv1.tsv
CVR-0100	confirmed	コンテンツチーム指摘	can	VERB	can	1	a	cup_of_mustard	/kən/	確認依頼Excelの回答で変更（③登録データ一覧の指摘・方針の適用）		[R-14] 方針 機能語は弱く読む形（一般的な弱形がある語のみ）（確認依頼 20260925_7andi）	コンテンツチーム	2026-10-10	2026-10-10	cv_dictionary_20260925_7andi_Lv1.tsv
CVR-0101	confirmed	コンテンツチーム指摘	as	CONJ	as	1	a	cup_of_mustard	/əz/	確認依頼Excelの回答で変更（③登録データ一覧の指摘・方針の適用）		[R-13] 方針 機能語は弱く読む形（一般的な弱形がある語のみ）（確認依頼 20261007）	コンテンツチーム	2026-10-10	2026-10-10	cv_dictionary_20261007.tsv
CVR-0102	confirmed	コンテンツチーム指摘	as	PREP	as	1	a	cup_of_mustard	/əz/	確認依頼Excelの回答で変更（③登録データ一覧の指摘・方針の適用）		[R-13] 方針 機能語は弱く読む形（一般的な弱形がある語のみ）（確認依頼 20261007）	コンテンツチーム	2026-10-10	2026-10-10	cv_dictionary_20261007.tsv
CVR-0103	confirmed	コンテンツチーム指摘	that	CONJ	that	1	a	cup_of_mustard	/ðət/	確認依頼Excelの回答で変更（③登録データ一覧の指摘・方針の適用）		[R-13] 方針 機能語は弱く読む形（一般的な弱形がある語のみ）（確認依頼 20261007）	コンテンツチーム	2026-10-10	2026-10-10	cv_dictionary_20261007.tsv
CVR-0104	confirmed	コンテンツチーム指摘	us	PRON	us	1	u	cup_of_mustard	/əs/	確認依頼Excelの回答で変更（③登録データ一覧の指摘・方針の適用）		[R-13] 方針 機能語は弱く読む形（一般的な弱形がある語のみ）（確認依頼 20261007）	コンテンツチーム	2026-10-10	2026-10-10	cv_dictionary_20261007.tsv
